ID,Sex,Greutate,Lungime_urechi,Ureche_lăsată,Culoare,Vârstă,Tip_blană,Calitate_blană,Formă_corp,Apare_gușa,Sănătate,Scor_jurizare
542,Femelă,1.6,19.1,False,Havana,9,Scurtă,Excelentă,Incorectă,False,Probleme_grave_de_sănătate,0
441,Mascul,2.7,22.1,False,Agouti,18,Lungă,Excelentă,Aproape_corectă,False,Probleme_grave_de_sănătate,0
483,Femelă,7.7,42.3,True,Alb,10,Lungă,Foarte_bună,Corectă,False,Ușoare_probleme_de_sănătate,93
423,Femelă,1.8,19.8,False,Havana,10,Scurtă,Foarte_bună,Incorectă,False,Probleme_grave_de_sănătate,0
779,Femelă,7.7,42.4,True,Havana,11,Lungă,Foarte_bună,Incorectă,True,Aspect_neîngrijit,82
950,Femelă,8.6,41.2,True,Agouti,13,Lungă,Foarte_bună,Corectă,True,Probleme_grave_de_sănătate,0
335,Mascul,2.5,19.1,False,Agouti,10,Scurtă,Excelentă,Corectă,False,Probleme_grave_de_sănătate,0
577,Femelă,2.0,18.7,False,Havana,10,Scurtă,Excelentă,Corectă,False,Ușoare_probleme_de_sănătate,83
935,Mascul,7.0,40.1,True,Albastru,9,Lungă,Foarte_bună,Incorectă,True,Ușoare_probleme_de_sănătate,0
568,Femelă,2.2,19.6,False,Agouti,10,Scurtă,Foarte_bună,Incorectă,True,Sănătos,68
595,Mascul,2.4,20.6,False,Alb,6,Scurtă,Foarte_bună,Incorectă,False,Sănătos,70
531,Femelă,2.7,18.2,False,Negru,7,Scurtă,Foarte_bună,Aproape_corectă,True,Probleme_grave_de_sănătate,0
582,Mascul,1.7,21.3,False,Alb,8,Scurtă,Foarte_bună,Corectă,False,Ușoare_probleme_de_sănătate,78
708,Mascul,1.5,20.0,False,Albastru,7,Scurtă,Excelentă,Aproape_corectă,False,Aspect_neîngrijit,79
449,Mascul,5.4,40.1,True,Alb,6,Lungă,Excelentă,Aproape_corectă,True,Aspect_neîngrijit,0
454,Femelă,8.8,43.1,True,Albastru,17,Lungă,Foarte_bună,Corectă,True,Sănătos,93
229,Femelă,1.6,20.6,False,Albastru,10,Scurtă,Excelentă,Aproape_corectă,False,Sănătos,80
353,Mascul,6.9,41.7,True,Agouti,8,Lungă,Bună,Corectă,False,Sănătos,90
729,Femelă,6.5,39.3,True,Havana,10,Lungă,Bună,Corectă,True,Sănătos,88
213,Mascul,2.0,21.7,False,Alb,15,Lungă,Excelentă,Corectă,False,Probleme_grave_de_sănătate,0
80,Femelă,1.6,21.8,False,Alb,8,Scurtă,Bună,Aproape_corectă,False,Ușoare_probleme_de_sănătate,68
149,Mascul,7.4,42.2,True,Havana,8,Lungă,Excelentă,Corectă,False,Ușoare_probleme_de_sănătate,98
303,Mascul,2.1,23.5,False,Albastru,7,Lungă,Bună,Incorectă,False,Ușoare_probleme_de_sănătate,63
629,Mascul,2.9,18.1,False,Havana,12,Scurtă,Bună,Incorectă,False,Sănătos,65
778,Mascul,3.1,21.0,False,Agouti,18,Lungă,Bună,Incorectă,False,Aspect_neîngrijit,64
507,Femelă,2.1,21.4,False,Agouti,7,Lungă,Bună,Aproape_corectă,False,Sănătos,70
343,Femelă,1.8,23.7,False,Alb,10,Lungă,Foarte_bună,Aproape_corectă,False,Probleme_grave_de_sănătate,0
486,Femelă,6.5,41.4,True,Agouti,11,Lungă,Excelentă,Corectă,False,Aspect_neîngrijit,99
712,Femelă,7.1,43.6,True,Alb,14,Lungă,Bună,Incorectă,False,Sănătos,80
134,Femelă,1.8,21.2,False,Albastru,6,Scurtă,Foarte_bună,Corectă,False,Probleme_grave_de_sănătate,0
704,Femelă,1.8,20.1,False,Havana,8,Scurtă,Foarte_bună,Incorectă,False,Probleme_grave_de_sănătate,0
312,Mascul,2.0,21.8,False,Alb,7,Scurtă,Excelentă,Aproape_corectă,False,Ușoare_probleme_de_sănătate,78
723,Femelă,6.3,39.3,True,Alb,8,Lungă,Bună,Incorectă,False,Probleme_grave_de_sănătate,0
630,Mascul,4.8,41.8,True,Agouti,14,Lungă,Excelentă,Aproape_corectă,False,Probleme_grave_de_sănătate,0
1,Mascul,3.2,21.3,False,Negru,13,Lungă,Foarte_bună,Incorectă,True,Probleme_grave_de_sănătate,0
317,Femelă,3.2,21.5,False,Agouti,9,Lungă,Bună,Incorectă,True,Probleme_grave_de_sănătate,0
707,Femelă,3.1,21.9,False,Alb,16,Lungă,Foarte_bună,Aproape_corectă,False,Aspect_neîngrijit,74
548,Mascul,6.4,44.7,True,Havana,15,Lungă,Foarte_bună,Incorectă,False,Aspect_neîngrijit,84
873,Mascul,2.3,23.3,False,Albastru,6,Lungă,Excelentă,Aproape_corectă,False,Sănătos,80
533,Femelă,2.3,22.5,False,Alb,10,Lungă,Excelentă,Aproape_corectă,False,Probleme_grave_de_sănătate,0
478,Mascul,7.0,42.8,True,Albastru,15,Lungă,Foarte_bună,Aproape_corectă,False,Aspect_neîngrijit,89
405,Femelă,3.0,19.5,False,Havana,9,Scurtă,Bună,Aproape_corectă,False,Aspect_neîngrijit,69
173,Mascul,2.8,24.0,False,Alb,13,Lungă,Excelentă,Incorectă,False,Sănătos,75
126,Mascul,2.2,21.9,False,Agouti,12,Scurtă,Bună,Aproape_corectă,True,Aspect_neîngrijit,0
395,Femelă,2.3,18.8,False,Agouti,10,Scurtă,Excelentă,Aproape_corectă,False,Aspect_neîngrijit,79
421,Femelă,2.9,21.0,False,Alb,11,Scurtă,Foarte_bună,Incorectă,False,Sănătos,70
553,Mascul,2.0,23.7,False,Havana,12,Lungă,Foarte_bună,Incorectă,False,Ușoare_probleme_de_sănătate,68
904,Mascul,2.3,20.8,False,Albastru,6,Lungă,Foarte_bună,Corectă,False,Aspect_neîngrijit,79
91,Femelă,2.8,23.6,False,Negru,16,Lungă,Excelentă,Incorectă,False,Ușoare_probleme_de_sănătate,73
940,Femelă,2.3,22.9,False,Agouti,8,Lungă,Foarte_bună,Aproape_corectă,False,Sănătos,75
182,Mascul,1.5,18.5,False,Agouti,9,Scurtă,Excelentă,Corectă,False,Aspect_neîngrijit,84
275,Femelă,7.3,40.8,True,Agouti,17,Lungă,Bună,Incorectă,False,Aspect_neîngrijit,79
896,Mascul,6.0,41.5,True,Agouti,12,Lungă,Excelentă,Incorectă,False,Probleme_grave_de_sănătate,0
70,Femelă,2.1,21.8,False,Alb,12,Scurtă,Bună,Corectă,False,Probleme_grave_de_sănătate,0
292,Mascul,1.8,21.6,False,Negru,8,Scurtă,Bună,Corectă,False,Probleme_grave_de_sănătate,0
132,Femelă,5.5,38.6,True,Havana,10,Lungă,Excelentă,Aproape_corectă,False,Sănătos,95
301,Mascul,1.6,24.4,False,Agouti,6,Lungă,Excelentă,Corectă,False,Aspect_neîngrijit,84
425,Mascul,7.4,41.0,True,Albastru,15,Lungă,Bună,Corectă,False,Sănătos,90
327,Mascul,3.2,22.5,False,Havana,12,Lungă,Excelentă,Aproape_corectă,False,Ușoare_probleme_de_sănătate,78
145,Femelă,7.8,43.1,True,Negru,17,Lungă,Bună,Aproape_corectă,False,Sănătos,85
424,Femelă,2.4,22.8,False,Agouti,7,Lungă,Foarte_bună,Aproape_corectă,False,Probleme_grave_de_sănătate,0
581,Femelă,2.9,18.2,False,Albastru,11,Scurtă,Excelentă,Incorectă,False,Probleme_grave_de_sănătate,0
136,Mascul,2.4,22.0,False,Havana,12,Lungă,Foarte_bună,Corectă,False,Ușoare_probleme_de_sănătate,78
451,Mascul,5.2,39.5,True,Alb,16,Lungă,Bună,Aproape_corectă,True,Probleme_grave_de_sănătate,0
165,Mascul,2.9,20.5,False,Negru,10,Scurtă,Excelentă,Aproape_corectă,False,Probleme_grave_de_sănătate,0
29,Femelă,8.2,38.4,True,Agouti,10,Lungă,Bună,Aproape_corectă,False,Aspect_neîngrijit,84
774,Femelă,2.7,22.9,False,Alb,8,Lungă,Bună,Aproape_corectă,False,Probleme_grave_de_sănătate,0
194,Femelă,3.0,21.9,False,Agouti,6,Lungă,Excelentă,Aproape_corectă,False,Probleme_grave_de_sănătate,0
389,Femelă,9.0,41.5,True,Havana,12,Lungă,Foarte_bună,Incorectă,True,Sănătos,83
853,Femelă,5.1,44.5,True,Alb,17,Lungă,Excelentă,Aproape_corectă,False,Ușoare_probleme_de_sănătate,92
170,Mascul,2.3,21.9,False,Havana,12,Scurtă,Foarte_bună,Aproape_corectă,False,Probleme_grave_de_sănătate,0
706,Femelă,1.7,20.2,False,Negru,10,Lungă,Excelentă,Aproape_corectă,False,Sănătos,80
141,Mascul,2.4,20.4,False,Alb,17,Lungă,Foarte_bună,Aproape_corectă,True,Probleme_grave_de_sănătate,0
174,Femelă,1.5,18.7,False,Alb,11,Scurtă,Foarte_bună,Aproape_corectă,True,Sănătos,73
7,Mascul,7.2,42.0,True,Havana,6,Lungă,Bună,Aproape_corectă,False,Sănătos,85
746,Mascul,1.6,24.4,False,Alb,16,Lungă,Excelentă,Aproape_corectă,False,Aspect_neîngrijit,79
479,Mascul,3.0,22.6,False,Agouti,7,Lungă,Excelentă,Corectă,True,Probleme_grave_de_sănătate,0
74,Femelă,2.0,21.6,False,Havana,11,Scurtă,Excelentă,Incorectă,False,Aspect_neîngrijit,74
911,Mascul,8.2,43.9,True,Agouti,7,Lungă,Foarte_bună,Aproape_corectă,False,Sănătos,90
814,Mascul,2.1,22.1,False,Agouti,16,Lungă,Foarte_bună,Corectă,False,Ușoare_probleme_de_sănătate,78
239,Femelă,5.6,42.0,True,Albastru,6,Lungă,Excelentă,Incorectă,False,Probleme_grave_de_sănătate,0
146,Mascul,1.7,21.5,False,Agouti,11,Scurtă,Foarte_bună,Corectă,False,Ușoare_probleme_de_sănătate,78
793,Mascul,2.1,21.2,False,Albastru,12,Scurtă,Bună,Aproape_corectă,False,Ușoare_probleme_de_sănătate,68
235,Mascul,1.6,22.1,False,Negru,7,Lungă,Bună,Corectă,False,Probleme_grave_de_sănătate,0
221,Mascul,1.6,18.0,False,Negru,8,Scurtă,Excelentă,Corectă,False,Sănătos,85
924,Mascul,2.6,19.0,False,Negru,9,Scurtă,Bună,Aproape_corectă,False,Ușoare_probleme_de_sănătate,68
501,Mascul,1.5,24.1,False,Havana,7,Lungă,Foarte_bună,Incorectă,True,Aspect_neîngrijit,0
133,Mascul,2.7,18.3,False,Albastru,11,Scurtă,Excelentă,Corectă,False,Probleme_grave_de_sănătate,0
991,Femelă,6.1,39.1,True,Negru,11,Lungă,Excelentă,Aproape_corectă,False,Ușoare_probleme_de_sănătate,93
775,Mascul,3.1,23.1,False,Agouti,7,Lungă,Excelentă,Corectă,False,Sănătos,85
186,Femelă,6.7,39.2,True,Havana,10,Lungă,Excelentă,Corectă,True,Aspect_neîngrijit,97
42,Femelă,3.1,24.1,False,Albastru,17,Lungă,Bună,Corectă,False,Ușoare_probleme_de_sănătate,73
697,Mascul,2.7,18.3,False,Albastru,6,Scurtă,Excelentă,Corectă,True,Aspect_neîngrijit,0
109,Mascul,2.5,18.5,False,Negru,10,Scurtă,Excelentă,Corectă,False,Probleme_grave_de_sănătate,0
589,Mascul,2.9,20.5,False,Havana,10,Scurtă,Excelentă,Aproape_corectă,True,Ușoare_probleme_de_sănătate,0
57,Mascul,6.4,42.3,True,Havana,13,Lungă,Foarte_bună,Aproape_corectă,True,Probleme_grave_de_sănătate,0
406,Mascul,2.5,20.2,False,Alb,7,Scurtă,Bună,Aproape_corectă,False,Ușoare_probleme_de_sănătate,68
443,Femelă,2.1,20.3,False,Albastru,9,Scurtă,Bună,Incorectă,False,Aspect_neîngrijit,64
758,Femelă,6.5,38.1,True,Negru,13,Lungă,Excelentă,Corectă,True,Ușoare_probleme_de_sănătate,96
998,Femelă,2.0,22.0,False,Agouti,8,Scurtă,Excelentă,Incorectă,True,Sănătos,73
25,Mascul,1.6,21.5,False,Agouti,12,Scurtă,Foarte_bună,Aproape_corectă,False,Ușoare_probleme_de_sănătate,73
468,Femelă,1.9,19.4,False,Agouti,7,Scurtă,Foarte_bună,Aproape_corectă,False,Probleme_grave_de_sănătate,0
540,Mascul,3.2,20.4,False,Albastru,14,Lungă,Bună,Corectă,False,Probleme_grave_de_sănătate,0
532,Femelă,7.4,42.0,True,Alb,7,Lungă,Excelentă,Aproape_corectă,False,Aspect_neîngrijit,94
619,Mascul,1.9,18.1,False,Havana,6,Scurtă,Excelentă,Aproape_corectă,False,Probleme_grave_de_sănătate,0
695,Femelă,8.9,40.6,True,Alb,13,Lungă,Foarte_bună,Aproape_corectă,False,Sănătos,90
927,Femelă,8.1,43.0,True,Negru,7,Lungă,Bună,Aproape_corectă,False,Aspect_neîngrijit,84
339,Femelă,1.7,18.6,False,Agouti,12,Scurtă,Excelentă,Aproape_corectă,False,Ușoare_probleme_de_sănătate,78
52,Femelă,3.0,21.1,False,Agouti,9,Scurtă,Foarte_bună,Corectă,False,Aspect_neîngrijit,79
508,Femelă,1.7,18.2,False,Albastru,11,Scurtă,Excelentă,Incorectă,False,Probleme_grave_de_sănătate,0
517,Mascul,3.4,24.2,False,Alb,14,Lungă,Foarte_bună,Incorectă,False,Ușoare_probleme_de_sănătate,68
921,Femelă,1.9,21.0,False,Alb,6,Scurtă,Foarte_bună,Corectă,False,Sănătos,80
782,Mascul,2.9,22.6,False,Alb,14,Lungă,Excelentă,Aproape_corectă,False,Sănătos,80
265,Femelă,5.7,44.3,True,Havana,10,Lungă,Excelentă,Aproape_corectă,True,Aspect_neîngrijit,92
818,Femelă,1.7,18.5,False,Albastru,7,Scurtă,Foarte_bună,Corectă,False,Aspect_neîngrijit,79
711,Femelă,1.8,20.4,False,Albastru,12,Scurtă,Excelentă,Incorectă,False,Aspect_neîngrijit,74
683,Mascul,1.6,20.9,False,Alb,14,Lungă,Bună,Corectă,False,Aspect_neîngrijit,74
833,Mascul,2.2,20.2,False,Agouti,10,Scurtă,Excelentă,Incorectă,True,Probleme_grave_de_sănătate,0
519,Femelă,5.5,43.0,True,Albastru,11,Lungă,Foarte_bună,Incorectă,False,Ușoare_probleme_de_sănătate,83
448,Femelă,2.1,23.5,False,Alb,7,Lungă,Foarte_bună,Incorectă,False,Ușoare_probleme_de_sănătate,68
19,Mascul,7.0,40.7,True,Agouti,12,Lungă,Foarte_bună,Incorectă,False,Ușoare_probleme_de_sănătate,83
716,Femelă,3.0,21.6,False,Havana,8,Lungă,Bună,Incorectă,False,Ușoare_probleme_de_sănătate,63
484,Femelă,5.3,41.7,True,Agouti,6,Lungă,Bună,Corectă,False,Ușoare_probleme_de_sănătate,87
569,Mascul,2.7,18.7,False,Albastru,12,Scurtă,Foarte_bună,Aproape_corectă,False,Ușoare_probleme_de_sănătate,73
434,Femelă,2.2,24.5,False,Alb,17,Lungă,Excelentă,Aproape_corectă,False,Ușoare_probleme_de_sănătate,78
368,Femelă,5.6,38.3,True,Agouti,18,Lungă,Excelentă,Corectă,False,Aspect_neîngrijit,99
84,Femelă,8.0,42.0,True,Albastru,16,Lungă,Excelentă,Incorectă,True,Sănătos,88
62,Mascul,2.1,23.6,False,Albastru,18,Lungă,Bună,Corectă,False,Probleme_grave_de_sănătate,0
639,Mascul,1.5,23.8,False,Negru,9,Lungă,Excelentă,Incorectă,False,Sănătos,75
273,Mascul,1.7,23.4,False,Albastru,9,Lungă,Bună,Corectă,False,Ușoare_probleme_de_sănătate,73
286,Femelă,5.9,44.5,True,Alb,9,Lungă,Bună,Corectă,False,Aspect_neîngrijit,89
361,Femelă,2.7,18.0,False,Alb,11,Scurtă,Excelentă,Corectă,False,Aspect_neîngrijit,84
355,Femelă,5.3,41.7,True,Havana,10,Lungă,Foarte_bună,Corectă,False,Sănătos,94
457,Femelă,3.3,22.5,False,Albastru,9,Lungă,Foarte_bună,Incorectă,True,Probleme_grave_de_sănătate,0
279,Femelă,1.8,18.8,False,Albastru,7,Scurtă,Excelentă,Aproape_corectă,False,Ușoare_probleme_de_sănătate,78
13,Femelă,6.7,38.6,True,Albastru,8,Lungă,Excelentă,Corectă,False,Sănătos,100
183,Mascul,3.5,23.5,False,Agouti,8,Lungă,Excelentă,Corectă,False,Ușoare_probleme_de_sănătate,83
369,Mascul,6.9,42.2,True,Havana,8,Lungă,Excelentă,Corectă,False,Aspect_neîngrijit,99
882,Femelă,7.4,44.3,True,Albastru,12,Lungă,Foarte_bună,Incorectă,True,Sănătos,83
616,Femelă,2.3,19.2,False,Agouti,9,Scurtă,Excelentă,Aproape_corectă,True,Probleme_grave_de_sănătate,0
224,Mascul,2.3,23.7,False,Agouti,14,Lungă,Excelentă,Aproape_corectă,True,Sănătos,0
573,Mascul,1.8,23.5,False,Negru,8,Lungă,Bună,Aproape_corectă,True,Sănătos,0
971,Mascul,7.7,40.5,True,Havana,8,Lungă,Excelentă,Corectă,True,Ușoare_probleme_de_sănătate,0
654,Mascul,7.5,42.6,True,Negru,16,Lungă,Foarte_bună,Aproape_corectă,False,Probleme_grave_de_sănătate,0
546,Mascul,5.7,40.1,True,Agouti,9,Lungă,Bună,Incorectă,False,Ușoare_probleme_de_sănătate,78
583,Femelă,1.6,23.1,False,Negru,13,Lungă,Excelentă,Corectă,False,Aspect_neîngrijit,84
634,Femelă,3.2,21.8,False,Agouti,15,Lungă,Foarte_bună,Incorectă,False,Probleme_grave_de_sănătate,0
177,Femelă,5.8,38.2,True,Alb,12,Lungă,Excelentă,Corectă,False,Ușoare_probleme_de_sănătate,98
666,Femelă,6.3,41.9,True,Alb,17,Lungă,Foarte_bună,Incorectă,False,Aspect_neîngrijit,84
674,Mascul,2.3,21.2,False,Alb,6,Scurtă,Excelentă,Incorectă,False,Ușoare_probleme_de_sănătate,73
586,Femelă,1.6,22.5,False,Alb,6,Lungă,Foarte_bună,Corectă,True,Probleme_grave_de_sănătate,0
874,Mascul,2.0,22.0,False,Agouti,7,Lungă,Foarte_bună,Aproape_corectă,False,Ușoare_probleme_de_sănătate,73
394,Femelă,3.0,24.9,False,Negru,8,Lungă,Bună,Incorectă,True,Sănătos,63
164,Mascul,5.7,43.6,True,Alb,18,Lungă,Excelentă,Corectă,False,Sănătos,100
249,Femelă,1.6,20.4,False,Agouti,12,Scurtă,Foarte_bună,Corectă,False,Ușoare_probleme_de_sănătate,78
635,Femelă,2.0,18.2,False,Albastru,6,Scurtă,Foarte_bună,Aproape_corectă,False,Sănătos,75
886,Mascul,1.6,24.4,False,Havana,10,Lungă,Foarte_bună,Incorectă,False,Probleme_grave_de_sănătate,0
670,Mascul,2.3,21.6,False,Havana,7,Scurtă,Foarte_bună,Incorectă,False,Probleme_grave_de_sănătate,0
376,Mascul,2.4,24.7,False,Albastru,8,Lungă,Foarte_bună,Aproape_corectă,False,Sănătos,75
413,Femelă,1.9,24.4,False,Alb,10,Lungă,Excelentă,Incorectă,False,Aspect_neîngrijit,74
75,Femelă,2.2,24.1,False,Havana,7,Lungă,Foarte_bună,Incorectă,False,Probleme_grave_de_sănătate,0
114,Mascul,1.7,23.9,False,Negru,16,Lungă,Foarte_bună,Aproape_corectă,False,Probleme_grave_de_sănătate,0
599,Femelă,5.5,41.9,True,Albastru,14,Lungă,Bună,Aproape_corectă,False,Probleme_grave_de_sănătate,0
962,Femelă,6.5,43.7,True,Havana,17,Lungă,Bună,Incorectă,False,Probleme_grave_de_sănătate,0
391,Mascul,5.1,39.6,True,Havana,15,Lungă,Excelentă,Incorectă,False,Aspect_neîngrijit,88
105,Femelă,1.8,22.3,False,Havana,11,Lungă,Excelentă,Corectă,False,Sănătos,85
115,Mascul,3.2,21.5,False,Agouti,16,Lungă,Excelentă,Aproape_corectă,False,Ușoare_probleme_de_sănătate,78
418,Femelă,1.8,21.4,False,Alb,11,Lungă,Bună,Aproape_corectă,False,Probleme_grave_de_sănătate,0
526,Femelă,2.8,21.4,False,Agouti,8,Scurtă,Foarte_bună,Corectă,False,Aspect_neîngrijit,79
458,Mascul,5.4,44.5,True,Havana,14,Lungă,Foarte_bună,Incorectă,False,Sănătos,84
410,Femelă,7.2,38.4,True,Albastru,18,Lungă,Foarte_bună,Corectă,False,Probleme_grave_de_sănătate,0
93,Femelă,3.4,21.4,False,Albastru,18,Lungă,Bună,Incorectă,False,Sănătos,65
931,Mascul,8.8,44.4,True,Negru,18,Lungă,Excelentă,Corectă,False,Sănătos,100
90,Femelă,7.0,38.6,True,Havana,10,Lungă,Foarte_bună,Incorectă,False,Aspect_neîngrijit,84
337,Femelă,3.2,23.2,False,Albastru,15,Lungă,Bună,Aproape_corectă,False,Ușoare_probleme_de_sănătate,68
989,Femelă,2.4,20.3,False,Albastru,7,Scurtă,Foarte_bună,Aproape_corectă,False,Probleme_grave_de_sănătate,0
922,Mascul,7.9,43.4,True,Alb,9,Lungă,Foarte_bună,Corectă,False,Probleme_grave_de_sănătate,0
934,Mascul,2.7,20.2,False,Albastru,7,Lungă,Foarte_bună,Corectă,False,Probleme_grave_de_sănătate,0
606,Mascul,3.5,22.9,False,Negru,15,Lungă,Bună,Incorectă,False,Aspect_neîngrijit,64
594,Femelă,3.0,23.2,False,Havana,13,Lungă,Bună,Corectă,False,Ușoare_probleme_de_sănătate,73
612,Femelă,2.7,20.7,False,Havana,13,Lungă,Excelentă,Incorectă,True,Sănătos,73
95,Mascul,6.2,44.9,True,Alb,17,Lungă,Bună,Corectă,False,Sănătos,90
12,Femelă,1.6,22.4,False,Albastru,15,Lungă,Bună,Corectă,False,Aspect_neîngrijit,74
397,Femelă,1.6,19.7,False,Agouti,6,Scurtă,Foarte_bună,Corectă,False,Ușoare_probleme_de_sănătate,78
534,Femelă,4.8,41.9,True,Agouti,10,Lungă,Foarte_bună,Aproape_corectă,False,Sănătos,87
44,Mascul,2.8,24.5,False,Agouti,11,Lungă,Bună,Incorectă,False,Aspect_neîngrijit,64
43,Mascul,7.2,39.7,True,Havana,16,Lungă,Excelentă,Incorectă,False,Ușoare_probleme_de_sănătate,88
330,Femelă,3.1,20.8,False,Havana,6,Lungă,Foarte_bună,Incorectă,True,Aspect_neîngrijit,67
168,Mascul,1.6,21.7,False,Havana,12,Lungă,Foarte_bună,Incorectă,False,Probleme_grave_de_sănătate,0
498,Femelă,2.5,20.1,False,Albastru,9,Scurtă,Excelentă,Aproape_corectă,False,Sănătos,80
877,Mascul,2.9,19.8,False,Agouti,6,Scurtă,Excelentă,Corectă,True,Ușoare_probleme_de_sănătate,0
598,Femelă,1.5,22.3,False,Agouti,14,Lungă,Foarte_bună,Incorectă,False,Aspect_neîngrijit,69
757,Femelă,2.8,18.3,False,Havana,10,Scurtă,Foarte_bună,Aproape_corectă,False,Aspect_neîngrijit,74
101,Mascul,7.7,38.7,True,Negru,18,Lungă,Bună,Corectă,False,Ușoare_probleme_de_sănătate,88
427,Mascul,6.7,39.9,True,Negru,7,Lungă,Foarte_bună,Aproape_corectă,False,Ușoare_probleme_de_sănătate,88
179,Femelă,1.6,21.4,False,Negru,7,Lungă,Foarte_bună,Aproape_corectă,False,Aspect_neîngrijit,74
445,Femelă,8.0,42.4,True,Alb,7,Lungă,Excelentă,Incorectă,False,Sănătos,90
417,Mascul,8.8,42.8,True,Alb,10,Lungă,Bună,Incorectă,False,Ușoare_probleme_de_sănătate,78
871,Femelă,2.9,20.9,False,Alb,11,Scurtă,Excelentă,Incorectă,True,Ușoare_probleme_de_sănătate,71
883,Mascul,8.7,44.8,True,Albastru,13,Lungă,Excelentă,Incorectă,True,Ușoare_probleme_de_sănătate,0
681,Mascul,1.8,19.7,False,Albastru,6,Scurtă,Foarte_bună,Corectă,True,Ușoare_probleme_de_sănătate,0
178,Mascul,1.7,19.1,False,Albastru,9,Scurtă,Bună,Aproape_corectă,False,Ușoare_probleme_de_sănătate,68
396,Femelă,1.8,21.5,False,Negru,7,Lungă,Bună,Incorectă,False,Probleme_grave_de_sănătate,0
912,Femelă,1.9,20.6,False,Agouti,6,Lungă,Excelentă,Corectă,False,Aspect_neîngrijit,84
794,Mascul,5.9,38.1,True,Havana,13,Lungă,Bună,Corectă,True,Ușoare_probleme_de_sănătate,0
961,Mascul,1.7,21.2,False,Negru,10,Scurtă,Excelentă,Incorectă,False,Sănătos,75
685,Femelă,8.2,41.9,True,Havana,14,Lungă,Excelentă,Incorectă,False,Probleme_grave_de_sănătate,0
384,Mascul,1.6,20.1,False,Negru,8,Lungă,Bună,Incorectă,False,Probleme_grave_de_sănătate,0
957,Mascul,2.9,19.1,False,Alb,11,Scurtă,Bună,Incorectă,False,Ușoare_probleme_de_sănătate,63
752,Mascul,2.8,21.7,False,Alb,9,Scurtă,Foarte_bună,Aproape_corectă,False,Ușoare_probleme_de_sănătate,73
258,Mascul,2.1,24.3,False,Havana,6,Lungă,Foarte_bună,Incorectă,False,Sănătos,70
539,Mascul,1.9,22.2,False,Havana,13,Lungă,Foarte_bună,Corectă,True,Ușoare_probleme_de_sănătate,0
336,Mascul,6.1,40.0,True,Havana,10,Lungă,Excelentă,Incorectă,False,Sănătos,90
16,Femelă,1.5,21.8,False,Albastru,15,Lungă,Foarte_bună,Incorectă,False,Probleme_grave_de_sănătate,0
325,Mascul,5.4,41.5,True,Alb,18,Lungă,Excelentă,Corectă,True,Probleme_grave_de_sănătate,0
759,Femelă,2.8,22.0,False,Havana,11,Lungă,Excelentă,Incorectă,True,Probleme_grave_de_sănătate,0
223,Mascul,1.9,23.5,False,Alb,18,Lungă,Foarte_bună,Corectă,False,Probleme_grave_de_sănătate,0
180,Mascul,2.5,23.3,False,Havana,14,Lungă,Bună,Incorectă,False,Ușoare_probleme_de_sănătate,63
984,Mascul,5.3,41.5,True,Negru,10,Lungă,Bună,Corectă,True,Aspect_neîngrijit,0
23,Femelă,1.7,18.6,False,Alb,8,Scurtă,Foarte_bună,Incorectă,False,Ușoare_probleme_de_sănătate,68
357,Mascul,7.3,40.1,True,Havana,17,Lungă,Bună,Corectă,True,Aspect_neîngrijit,0
667,Mascul,7.3,39.8,True,Negru,12,Lungă,Foarte_bună,Corectă,False,Ușoare_probleme_de_sănătate,93
862,Mascul,2.9,20.2,False,Negru,9,Scurtă,Foarte_bună,Corectă,False,Probleme_grave_de_sănătate,0
341,Mascul,2.4,20.8,False,Agouti,10,Scurtă,Excelentă,Aproape_corectă,True,Aspect_neîngrijit,0
432,Mascul,2.5,18.5,False,Alb,11,Scurtă,Bună,Corectă,True,Ușoare_probleme_de_sănătate,0
552,Femelă,2.4,19.5,False,Negru,10,Scurtă,Excelentă,Corectă,False,Sănătos,85
834,Femelă,1.9,18.1,False,Alb,8,Scurtă,Foarte_bună,Incorectă,False,Ușoare_probleme_de_sănătate,68
204,Mascul,3.2,22.5,False,Alb,7,Lungă,Foarte_bună,Aproape_corectă,False,Aspect_neîngrijit,74
631,Mascul,1.5,22.6,False,Alb,18,Lungă,Bună,Aproape_corectă,False,Probleme_grave_de_sănătate,0
94,Femelă,7.3,43.0,True,Havana,13,Lungă,Bună,Incorectă,False,Probleme_grave_de_sănătate,0
559,Femelă,7.6,44.5,True,Albastru,17,Lungă,Bună,Aproape_corectă,False,Probleme_grave_de_sănătate,0
69,Mascul,7.5,42.7,True,Negru,15,Lungă,Bună,Corectă,True,Aspect_neîngrijit,0
623,Femelă,2.8,23.2,False,Agouti,6,Lungă,Foarte_bună,Aproape_corectă,False,Probleme_grave_de_sănătate,0
285,Femelă,3.4,21.2,False,Negru,10,Lungă,Excelentă,Incorectă,False,Sănătos,75
845,Femelă,3.2,21.9,False,Havana,17,Lungă,Excelentă,Corectă,False,Sănătos,85
435,Femelă,2.4,21.8,False,Agouti,10,Scurtă,Bună,Incorectă,True,Aspect_neîngrijit,62
154,Mascul,5.8,43.3,True,Alb,6,Lungă,Foarte_bună,Aproape_corectă,False,Probleme_grave_de_sănătate,0
76,Femelă,2.8,22.6,False,Alb,8,Lungă,Excelentă,Corectă,False,Probleme_grave_de_sănătate,0
731,Mascul,2.7,19.0,False,Havana,9,Scurtă,Excelentă,Incorectă,False,Ușoare_probleme_de_sănătate,73
447,Femelă,1.8,19.3,False,Negru,8,Scurtă,Bună,Corectă,False,Aspect_neîngrijit,74
189,Mascul,1.6,20.2,False,Albastru,10,Scurtă,Bună,Aproape_corectă,False,Probleme_grave_de_sănătate,0
272,Femelă,1.9,20.3,False,Alb,10,Lungă,Bună,Aproape_corectă,True,Probleme_grave_de_sănătate,0
237,Femelă,2.4,18.4,False,Alb,11,Scurtă,Excelentă,Incorectă,False,Sănătos,75
488,Mascul,9.0,40.1,True,Albastru,6,Lungă,Bună,Corectă,False,Probleme_grave_de_sănătate,0
118,Femelă,2.7,18.7,False,Albastru,6,Scurtă,Bună,Incorectă,False,Ușoare_probleme_de_sănătate,63
944,Mascul,2.7,23.1,False,Alb,15,Lungă,Bună,Incorectă,False,Probleme_grave_de_sănătate,0
513,Femelă,1.6,24.0,False,Havana,11,Lungă,Excelentă,Corectă,False,Probleme_grave_de_sănătate,0
826,Mascul,2.6,21.9,False,Albastru,18,Lungă,Bună,Incorectă,True,Sănătos,0
592,Femelă,7.4,39.7,True,Alb,10,Lungă,Bună,Corectă,False,Ușoare_probleme_de_sănătate,88
127,Femelă,2.0,20.8,False,Agouti,10,Lungă,Foarte_bună,Incorectă,False,Ușoare_probleme_de_sănătate,68
117,Mascul,2.1,20.1,False,Agouti,8,Scurtă,Foarte_bună,Corectă,False,Ușoare_probleme_de_sănătate,78
474,Femelă,2.0,18.9,False,Havana,8,Scurtă,Foarte_bună,Corectă,False,Ușoare_probleme_de_sănătate,78
694,Mascul,2.6,20.8,False,Havana,8,Scurtă,Foarte_bună,Corectă,False,Sănătos,80
58,Mascul,2.2,24.7,False,Agouti,6,Lungă,Foarte_bună,Incorectă,False,Sănătos,70
864,Mascul,3.0,20.3,False,Albastru,7,Lungă,Excelentă,Corectă,True,Ușoare_probleme_de_sănătate,0
913,Mascul,3.2,21.6,False,Agouti,11,Lungă,Excelentă,Incorectă,False,Sănătos,75
370,Femelă,1.8,19.9,False,Negru,6,Scurtă,Foarte_bună,Incorectă,False,Ușoare_probleme_de_sănătate,68
269,Mascul,1.5,18.8,False,Havana,6,Scurtă,Excelentă,Corectă,False,Probleme_grave_de_sănătate,0
47,Mascul,8.1,43.7,True,Albastru,18,Lungă,Foarte_bună,Corectă,False,Ușoare_probleme_de_sănătate,93
350,Mascul,2.3,21.0,False,Negru,10,Scurtă,Bună,Aproape_corectă,False,Sănătos,70
196,Mascul,7.6,43.9,True,Agouti,10,Lungă,Bună,Corectă,False,Probleme_grave_de_sănătate,0
1000,Femelă,5.0,42.1,True,Negru,8,Lungă,Bună,Incorectă,True,Sănătos,77
835,Femelă,1.7,22.1,False,Havana,13,Lungă,Foarte_bună,Aproape_corectă,False,Sănătos,75
737,Femelă,7.6,39.8,True,Agouti,7,Lungă,Bună,Corectă,False,Sănătos,90
264,Femelă,1.7,23.7,False,Alb,6,Lungă,Excelentă,Incorectă,False,Probleme_grave_de_sănătate,0
444,Mascul,2.9,19.4,False,Agouti,8,Scurtă,Excelentă,Corectă,False,Aspect_neîngrijit,84
676,Mascul,1.6,22.8,False,Havana,17,Lungă,Excelentă,Corectă,False,Probleme_grave_de_sănătate,0
305,Femelă,6.0,40.3,True,Agouti,17,Lungă,Bună,Aproape_corectă,False,Ușoare_probleme_de_sănătate,83
342,Mascul,2.3,18.6,False,Havana,7,Scurtă,Excelentă,Aproape_corectă,True,Ușoare_probleme_de_sănătate,0
967,Mascul,2.0,21.5,False,Albastru,9,Scurtă,Foarte_bună,Aproape_corectă,True,Sănătos,0
150,Femelă,2.1,18.2,False,Alb,7,Scurtă,Excelentă,Incorectă,True,Sănătos,73
125,Femelă,4.9,38.7,True,Albastru,9,Lungă,Excelentă,Aproape_corectă,False,Probleme_grave_de_sănătate,0
787,Femelă,3.4,24.3,False,Alb,7,Lungă,Bună,Corectă,False,Sănătos,75
51,Mascul,2.8,22.1,False,Negru,10,Lungă,Foarte_bună,Incorectă,True,Aspect_neîngrijit,0
354,Mascul,5.4,40.8,True,Negru,14,Lungă,Bună,Aproape_corectă,True,Sănătos,0
928,Mascul,2.0,23.6,False,Agouti,17,Lungă,Excelentă,Incorectă,False,Aspect_neîngrijit,74
143,Femelă,6.9,41.6,True,Havana,18,Lungă,Excelentă,Aproape_corectă,False,Probleme_grave_de_sănătate,0
471,Mascul,7.5,38.3,True,Havana,6,Lungă,Excelentă,Corectă,False,Ușoare_probleme_de_sănătate,98
400,Mascul,1.7,21.9,False,Alb,12,Scurtă,Excelentă,Corectă,False,Probleme_grave_de_sănătate,0
626,Mascul,3.0,23.5,False,Negru,8,Lungă,Excelentă,Aproape_corectă,True,Ușoare_probleme_de_sănătate,0
321,Mascul,1.9,18.9,False,Albastru,11,Scurtă,Foarte_bună,Aproape_corectă,False,Aspect_neîngrijit,74
20,Mascul,6.5,42.2,True,Alb,14,Lungă,Bună,Aproape_corectă,False,Ușoare_probleme_de_sănătate,83
810,Femelă,1.6,23.2,False,Negru,12,Lungă,Foarte_bună,Incorectă,False,Aspect_neîngrijit,69
791,Mascul,1.8,18.1,False,Agouti,8,Scurtă,Foarte_bună,Incorectă,False,Probleme_grave_de_sănătate,0
809,Femelă,1.8,18.5,False,Negru,9,Scurtă,Foarte_bună,Corectă,False,Probleme_grave_de_sănătate,0
408,Femelă,3.0,24.1,False,Havana,15,Lungă,Excelentă,Aproape_corectă,False,Ușoare_probleme_de_sănătate,78
538,Femelă,1.8,21.2,False,Alb,9,Scurtă,Excelentă,Corectă,True,Sănătos,83
621,Mascul,2.7,19.6,False,Agouti,12,Scurtă,Bună,Incorectă,False,Probleme_grave_de_sănătate,0
39,Mascul,2.7,20.8,False,Albastru,6,Scurtă,Bună,Corectă,False,Sănătos,75
176,Femelă,2.0,24.7,False,Negru,13,Lungă,Excelentă,Corectă,False,Probleme_grave_de_sănătate,0
246,Mascul,2.7,19.8,False,Alb,11,Scurtă,Bună,Corectă,True,Aspect_neîngrijit,0
829,Femelă,2.3,21.7,False,Alb,13,Lungă,Foarte_bună,Aproape_corectă,False,Probleme_grave_de_sănătate,0
668,Femelă,2.3,23.9,False,Agouti,11,Lungă,Excelentă,Corectă,False,Aspect_neîngrijit,84
755,Mascul,6.5,43.2,True,Agouti,9,Lungă,Excelentă,Incorectă,False,Ușoare_probleme_de_sănătate,88
859,Mascul,3.1,21.4,False,Havana,18,Lungă,Foarte_bună,Corectă,True,Sănătos,0
155,Femelă,1.9,21.3,False,Albastru,11,Scurtă,Bună,Corectă,False,Ușoare_probleme_de_sănătate,73
288,Mascul,2.9,19.4,False,Albastru,7,Scurtă,Bună,Corectă,False,Probleme_grave_de_sănătate,0
603,Mascul,3.4,21.2,False,Alb,10,Lungă,Foarte_bună,Corectă,True,Ușoare_probleme_de_sănătate,0
570,Femelă,3.1,24.5,False,Agouti,9,Lungă,Foarte_bună,Corectă,False,Sănătos,80
744,Mascul,4.8,38.4,True,Albastru,14,Lungă,Bună,Corectă,False,Ușoare_probleme_de_sănătate,85
18,Femelă,4.7,38.4,True,Negru,18,Lungă,Foarte_bună,Incorectă,False,Aspect_neîngrijit,81
128,Mascul,1.8,19.3,False,Agouti,11,Scurtă,Bună,Corectă,True,Ușoare_probleme_de_sănătate,0
323,Femelă,1.6,21.5,False,Havana,11,Scurtă,Foarte_bună,Aproape_corectă,False,Sănătos,75
256,Mascul,1.9,21.7,False,Alb,7,Lungă,Bună,Corectă,False,Aspect_neîngrijit,74
658,Femelă,2.5,22.0,False,Havana,10,Lungă,Foarte_bună,Incorectă,True,Ușoare_probleme_de_sănătate,66
965,Femelă,5.8,40.7,True,Havana,7,Lungă,Excelentă,Aproape_corectă,True,Sănătos,93
191,Mascul,3.4,23.8,False,Agouti,16,Lungă,Bună,Aproape_corectă,False,Probleme_grave_de_sănătate,0
116,Mascul,2.6,24.6,False,Agouti,7,Lungă,Foarte_bună,Corectă,True,Probleme_grave_de_sănătate,0
617,Femelă,2.9,23.5,False,Havana,15,Lungă,Bună,Aproape_corectă,False,Probleme_grave_de_sănătate,0
607,Mascul,3.1,22.4,False,Albastru,12,Lungă,Excelentă,Corectă,False,Probleme_grave_de_sănătate,0
181,Femelă,2.0,21.4,False,Havana,14,Lungă,Excelentă,Aproape_corectă,True,Sănătos,78
302,Femelă,1.6,20.4,False,Negru,12,Lungă,Foarte_bună,Aproape_corectă,False,Probleme_grave_de_sănătate,0
760,Femelă,7.5,39.6,True,Alb,11,Lungă,Excelentă,Incorectă,True,Probleme_grave_de_sănătate,0
713,Femelă,8.0,42.4,True,Alb,8,Lungă,Foarte_bună,Incorectă,False,Aspect_neîngrijit,84
724,Femelă,5.8,43.0,True,Agouti,10,Lungă,Foarte_bună,Aproape_corectă,False,Sănătos,90
686,Mascul,3.5,23.6,False,Albastru,8,Lungă,Bună,Corectă,True,Aspect_neîngrijit,0
980,Femelă,2.5,20.9,False,Albastru,7,Scurtă,Foarte_bună,Aproape_corectă,True,Ușoare_probleme_de_sănătate,71
518,Femelă,2.7,23.9,False,Agouti,12,Lungă,Bună,Corectă,False,Ușoare_probleme_de_sănătate,73
985,Mascul,2.5,22.2,False,Agouti,10,Lungă,Excelentă,Corectă,False,Sănătos,85
46,Femelă,1.7,19.9,False,Agouti,10,Scurtă,Bună,Incorectă,False,Ușoare_probleme_de_sănătate,63
910,Femelă,2.7,19.9,False,Negru,9,Scurtă,Excelentă,Incorectă,False,Probleme_grave_de_sănătate,0
158,Femelă,2.7,18.5,False,Alb,12,Scurtă,Excelentă,Aproape_corectă,False,Ușoare_probleme_de_sănătate,78
852,Femelă,2.8,19.3,False,Negru,11,Scurtă,Foarte_bună,Incorectă,False,Ușoare_probleme_de_sănătate,68
172,Femelă,2.5,19.3,False,Negru,9,Scurtă,Excelentă,Incorectă,False,Aspect_neîngrijit,74
17,Femelă,7.0,44.4,True,Agouti,11,Lungă,Bună,Aproape_corectă,True,Aspect_neîngrijit,82
512,Mascul,5.6,41.4,True,Agouti,16,Lungă,Bună,Incorectă,False,Sănătos,80
49,Femelă,2.5,19.1,False,Agouti,7,Scurtă,Excelentă,Corectă,False,Ușoare_probleme_de_sănătate,83
972,Mascul,1.7,23.8,False,Alb,8,Lungă,Foarte_bună,Incorectă,False,Probleme_grave_de_sănătate,0
941,Femelă,8.2,42.1,True,Negru,11,Lungă,Foarte_bună,Incorectă,False,Aspect_neîngrijit,84
516,Mascul,2.9,21.0,False,Negru,7,Lungă,Bună,Incorectă,False,Aspect_neîngrijit,64
953,Mascul,5.2,44.2,True,Albastru,11,Lungă,Foarte_bună,Corectă,False,Ușoare_probleme_de_sănătate,92
481,Femelă,8.7,39.6,True,Agouti,9,Lungă,Foarte_bună,Incorectă,False,Sănătos,85
284,Mascul,2.1,22.6,False,Negru,17,Lungă,Foarte_bună,Corectă,False,Aspect_neîngrijit,79
719,Mascul,8.0,43.3,True,Agouti,13,Lungă,Foarte_bună,Corectă,False,Sănătos,95
878,Mascul,2.7,21.6,False,Albastru,12,Scurtă,Foarte_bună,Corectă,False,Probleme_grave_de_sănătate,0
226,Mascul,1.6,19.7,False,Negru,8,Scurtă,Foarte_bună,Aproape_corectă,False,Aspect_neîngrijit,74
27,Femelă,7.3,40.2,True,Agouti,15,Lungă,Excelentă,Incorectă,True,Probleme_grave_de_sănătate,0
955,Femelă,2.1,19.6,False,Havana,6,Scurtă,Bună,Corectă,False,Probleme_grave_de_sănătate,0
438,Mascul,8.2,39.2,True,Negru,13,Lungă,Foarte_bună,Aproape_corectă,False,Ușoare_probleme_de_sănătate,88
952,Femelă,1.6,24.2,False,Negru,15,Lungă,Excelentă,Incorectă,True,Ușoare_probleme_de_sănătate,71
365,Mascul,4.6,40.1,True,Negru,13,Lungă,Bună,Corectă,False,Ușoare_probleme_de_sănătate,85
230,Mascul,2.3,19.0,False,Havana,7,Scurtă,Foarte_bună,Aproape_corectă,True,Probleme_grave_de_sănătate,0
38,Mascul,1.9,22.4,False,Negru,8,Lungă,Bună,Corectă,False,Probleme_grave_de_sănătate,0
966,Mascul,5.2,39.7,True,Negru,15,Lungă,Bună,Aproape_corectă,False,Ușoare_probleme_de_sănătate,82
375,Mascul,5.4,38.6,True,Agouti,9,Lungă,Foarte_bună,Corectă,False,Sănătos,94
470,Femelă,1.5,22.7,False,Negru,18,Lungă,Bună,Corectă,False,Aspect_neîngrijit,74
968,Mascul,1.8,22.0,False,Agouti,9,Scurtă,Bună,Aproape_corectă,False,Sănătos,70
851,Femelă,2.8,20.0,False,Alb,11,Scurtă,Foarte_bună,Aproape_corectă,True,Ușoare_probleme_de_sănătate,71
705,Mascul,2.3,22.9,False,Havana,15,Lungă,Foarte_bună,Aproape_corectă,False,Probleme_grave_de_sănătate,0
842,Mascul,7.7,44.4,True,Agouti,18,Lungă,Foarte_bună,Incorectă,False,Sănătos,85
195,Femelă,3.4,22.7,False,Havana,8,Lungă,Excelentă,Incorectă,False,Ușoare_probleme_de_sănătate,73
855,Femelă,7.7,40.0,True,Havana,8,Lungă,Bună,Incorectă,False,Ușoare_probleme_de_sănătate,78
865,Mascul,8.9,42.0,True,Negru,16,Lungă,Foarte_bună,Corectă,False,Probleme_grave_de_sănătate,0
504,Femelă,1.6,21.1,False,Albastru,8,Scurtă,Bună,Corectă,False,Aspect_neîngrijit,74
970,Mascul,1.6,23.8,False,Albastru,9,Lungă,Foarte_bună,Incorectă,False,Probleme_grave_de_sănătate,0
831,Femelă,5.2,39.1,True,Agouti,11,Lungă,Bună,Incorectă,False,Ușoare_probleme_de_sănătate,77
580,Mascul,4.5,38.8,True,Havana,12,Lungă,Excelentă,Incorectă,True,Sănătos,0
969,Mascul,8.3,41.2,True,Negru,6,Lungă,Bună,Corectă,False,Ușoare_probleme_de_sănătate,88
163,Femelă,2.5,19.0,False,Alb,7,Scurtă,Bună,Incorectă,False,Sănătos,65
909,Femelă,1.5,21.3,False,Alb,9,Scurtă,Foarte_bună,Aproape_corectă,False,Ușoare_probleme_de_sănătate,73
153,Mascul,5.1,42.7,True,Alb,7,Lungă,Excelentă,Incorectă,False,Probleme_grave_de_sănătate,0
802,Mascul,1.6,18.2,False,Havana,6,Scurtă,Bună,Corectă,False,Sănătos,75
994,Femelă,3.3,20.6,False,Alb,10,Lungă,Foarte_bună,Corectă,False,Aspect_neîngrijit,79
756,Mascul,1.7,23.0,False,Negru,14,Lungă,Excelentă,Incorectă,False,Ușoare_probleme_de_sănătate,73
112,Mascul,2.3,23.7,False,Alb,8,Lungă,Bună,Corectă,True,Sănătos,0
227,Mascul,2.9,22.7,False,Havana,17,Lungă,Foarte_bună,Corectă,False,Probleme_grave_de_sănătate,0
689,Femelă,1.6,21.2,False,Agouti,9,Scurtă,Bună,Corectă,False,Probleme_grave_de_sănătate,0
104,Femelă,1.6,24.8,False,Agouti,16,Lungă,Bună,Corectă,True,Sănătos,73
422,Femelă,8.7,41.1,True,Alb,12,Lungă,Foarte_bună,Incorectă,False,Probleme_grave_de_sănătate,0
420,Mascul,2.7,21.5,False,Negru,11,Scurtă,Foarte_bună,Incorectă,False,Aspect_neîngrijit,69
751,Mascul,8.3,41.4,True,Alb,12,Lungă,Bună,Incorectă,False,Sănătos,80
587,Mascul,5.6,40.8,True,Havana,14,Lungă,Excelentă,Aproape_corectă,False,Aspect_neîngrijit,94
781,Femelă,2.2,21.0,False,Alb,11,Scurtă,Bună,Aproape_corectă,True,Probleme_grave_de_sănătate,0
673,Mascul,1.9,20.8,False,Albastru,14,Lungă,Foarte_bună,Aproape_corectă,True,Probleme_grave_de_sănătate,0
120,Femelă,2.7,21.4,False,Negru,6,Scurtă,Bună,Incorectă,False,Probleme_grave_de_sănătate,0
54,Femelă,6.6,43.8,True,Negru,8,Lungă,Bună,Incorectă,False,Probleme_grave_de_sănătate,0
152,Femelă,2.6,22.6,False,Albastru,15,Lungă,Excelentă,Aproape_corectă,False,Ușoare_probleme_de_sănătate,78
404,Mascul,4.6,44.6,True,Albastru,13,Lungă,Bună,Aproape_corectă,False,Ușoare_probleme_de_sănătate,80
946,Mascul,1.5,21.6,False,Havana,8,Scurtă,Excelentă,Corectă,False,Aspect_neîngrijit,84
208,Femelă,6.4,39.5,True,Negru,10,Lungă,Bună,Corectă,False,Sănătos,90
659,Femelă,1.5,18.4,False,Agouti,9,Scurtă,Foarte_bună,Corectă,False,Ușoare_probleme_de_sănătate,78
844,Femelă,2.1,21.2,False,Alb,8,Scurtă,Bună,Corectă,True,Aspect_neîngrijit,72
763,Mascul,5.4,41.4,True,Agouti,11,Lungă,Foarte_bună,Incorectă,False,Probleme_grave_de_sănătate,0
9,Mascul,3.1,23.1,False,Havana,8,Lungă,Excelentă,Incorectă,False,Ușoare_probleme_de_sănătate,73
808,Mascul,7.1,39.1,True,Agouti,11,Lungă,Foarte_bună,Aproape_corectă,True,Ușoare_probleme_de_sănătate,0
37,Mascul,3.5,20.4,False,Agouti,11,Lungă,Excelentă,Aproape_corectă,False,Probleme_grave_de_sănătate,0
453,Mascul,3.1,23.5,False,Albastru,7,Lungă,Foarte_bună,Corectă,False,Ușoare_probleme_de_sănătate,78
652,Mascul,2.9,24.2,False,Albastru,15,Lungă,Foarte_bună,Aproape_corectă,False,Probleme_grave_de_sănătate,0
254,Mascul,3.0,20.5,False,Negru,11,Scurtă,Bună,Aproape_corectă,False,Ușoare_probleme_de_sănătate,68
304,Femelă,4.9,42.2,True,Agouti,6,Lungă,Bună,Aproape_corectă,False,Ușoare_probleme_de_sănătate,80
747,Femelă,8.0,41.5,True,Havana,14,Lungă,Excelentă,Incorectă,False,Ușoare_probleme_de_sănătate,88
572,Femelă,2.7,22.7,False,Negru,9,Lungă,Foarte_bună,Corectă,False,Sănătos,80
624,Mascul,2.3,22.0,False,Agouti,17,Lungă,Foarte_bună,Incorectă,False,Sănătos,70
733,Mascul,6.1,39.4,True,Havana,10,Lungă,Excelentă,Aproape_corectă,False,Aspect_neîngrijit,94
892,Femelă,2.7,19.0,False,Havana,8,Scurtă,Foarte_bună,Incorectă,False,Sănătos,70
263,Mascul,5.2,39.3,True,Havana,13,Lungă,Bună,Incorectă,False,Probleme_grave_de_sănătate,0
611,Mascul,7.3,39.6,True,Negru,7,Lungă,Bună,Incorectă,False,Probleme_grave_de_sănătate,0
298,Femelă,2.6,23.7,False,Agouti,14,Lungă,Excelentă,Incorectă,True,Sănătos,73
415,Femelă,2.9,18.2,False,Alb,11,Scurtă,Bună,Incorectă,False,Sănătos,65
151,Mascul,2.2,22.6,False,Alb,17,Lungă,Foarte_bună,Corectă,False,Probleme_grave_de_sănătate,0
789,Mascul,3.0,20.4,False,Havana,11,Scurtă,Excelentă,Aproape_corectă,False,Sănătos,80
641,Femelă,1.7,20.0,False,Albastru,10,Scurtă,Foarte_bună,Incorectă,False,Ușoare_probleme_de_sănătate,68
890,Mascul,3.3,24.0,False,Agouti,8,Lungă,Bună,Corectă,False,Ușoare_probleme_de_sănătate,73
551,Mascul,1.8,18.9,False,Agouti,9,Scurtă,Foarte_bună,Corectă,False,Ușoare_probleme_de_sănătate,78
887,Femelă,2.5,19.5,False,Negru,10,Scurtă,Foarte_bună,Corectă,True,Probleme_grave_de_sănătate,0
489,Mascul,2.5,20.4,False,Albastru,10,Lungă,Bună,Corectă,False,Probleme_grave_de_sănătate,0
148,Mascul,2.7,22.7,False,Havana,16,Lungă,Bună,Incorectă,False,Ușoare_probleme_de_sănătate,63
147,Mascul,2.6,18.7,False,Havana,9,Scurtă,Bună,Corectă,True,Sănătos,0
721,Mascul,1.8,19.0,False,Alb,11,Scurtă,Foarte_bună,Corectă,True,Aspect_neîngrijit,0
932,Mascul,6.9,41.5,True,Havana,16,Lungă,Bună,Aproape_corectă,False,Aspect_neîngrijit,84
740,Femelă,5.5,41.7,True,Negru,10,Lungă,Bună,Corectă,False,Ușoare_probleme_de_sănătate,88
660,Femelă,8.0,39.3,True,Alb,13,Lungă,Bună,Corectă,False,Probleme_grave_de_sănătate,0
349,Femelă,1.7,20.0,False,Alb,6,Scurtă,Excelentă,Corectă,False,Sănătos,85
464,Femelă,4.6,40.5,True,Albastru,8,Lungă,Bună,Incorectă,False,Ușoare_probleme_de_sănătate,75
326,Mascul,2.6,18.0,False,Albastru,8,Scurtă,Foarte_bună,Corectă,False,Aspect_neîngrijit,79
187,Mascul,1.7,20.6,False,Agouti,8,Lungă,Foarte_bună,Incorectă,False,Ușoare_probleme_de_sănătate,68
124,Mascul,2.0,24.9,False,Alb,9,Lungă,Foarte_bună,Corectă,False,Ușoare_probleme_de_sănătate,78
854,Femelă,4.7,43.4,True,Albastru,16,Lungă,Bună,Corectă,True,Aspect_neîngrijit,84
609,Mascul,7.0,43.6,True,Havana,7,Lungă,Bună,Corectă,False,Sănătos,90
144,Femelă,4.6,41.4,True,Negru,9,Lungă,Excelentă,Incorectă,True,Sănătos,85
959,Femelă,2.0,22.0,False,Albastru,6,Scurtă,Bună,Corectă,False,Sănătos,75
198,Femelă,6.0,44.3,True,Alb,18,Lungă,Bună,Aproape_corectă,False,Sănătos,85
610,Femelă,2.5,21.7,False,Alb,12,Lungă,Bună,Corectă,False,Ușoare_probleme_de_sănătate,73
280,Femelă,2.9,21.2,False,Albastru,6,Lungă,Bună,Aproape_corectă,False,Ușoare_probleme_de_sănătate,68
294,Mascul,1.9,21.9,False,Negru,10,Scurtă,Foarte_bună,Aproape_corectă,False,Ușoare_probleme_de_sănătate,73
401,Mascul,1.7,20.5,False,Alb,6,Scurtă,Foarte_bună,Aproape_corectă,False,Sănătos,75
123,Femelă,1.9,22.3,False,Havana,17,Lungă,Bună,Aproape_corectă,True,Aspect_neîngrijit,67
184,Mascul,2.8,18.4,False,Albastru,12,Scurtă,Bună,Incorectă,False,Aspect_neîngrijit,64
203,Mascul,2.1,21.4,False,Negru,8,Scurtă,Foarte_bună,Aproape_corectă,False,Ușoare_probleme_de_sănătate,73
439,Mascul,2.5,20.4,False,Havana,9,Scurtă,Foarte_bună,Corectă,False,Sănătos,80
247,Femelă,1.6,19.1,False,Havana,9,Scurtă,Foarte_bună,Corectă,False,Probleme_grave_de_sănătate,0
416,Femelă,5.8,40.8,True,Negru,18,Lungă,Bună,Corectă,True,Probleme_grave_de_sănătate,0
933,Mascul,4.7,44.6,True,Havana,17,Lungă,Excelentă,Corectă,False,Aspect_neîngrijit,96
766,Mascul,4.9,43.9,True,Agouti,12,Lungă,Bună,Aproape_corectă,False,Aspect_neîngrijit,81
907,Femelă,1.6,22.6,False,Negru,17,Lungă,Foarte_bună,Corectă,False,Sănătos,80
836,Mascul,6.6,44.4,True,Havana,18,Lungă,Excelentă,Aproape_corectă,True,Ușoare_probleme_de_sănătate,0
888,Femelă,1.8,19.5,False,Havana,7,Scurtă,Excelentă,Aproape_corectă,False,Ușoare_probleme_de_sănătate,78
130,Femelă,2.2,20.1,False,Negru,11,Lungă,Bună,Aproape_corectă,False,Aspect_neîngrijit,69
638,Femelă,1.9,18.7,False,Agouti,9,Scurtă,Excelentă,Corectă,False,Aspect_neîngrijit,84
403,Femelă,3.1,24.6,False,Havana,14,Lungă,Excelentă,Incorectă,False,Probleme_grave_de_sănătate,0
785,Mascul,7.6,43.6,True,Alb,16,Lungă,Bună,Incorectă,True,Probleme_grave_de_sănătate,0
771,Mascul,2.5,22.3,False,Alb,16,Lungă,Excelentă,Corectă,False,Aspect_neîngrijit,84
736,Mascul,6.9,41.7,True,Negru,12,Lungă,Excelentă,Incorectă,False,Sănătos,90
914,Mascul,2.5,21.8,False,Agouti,6,Lungă,Excelentă,Incorectă,True,Aspect_neîngrijit,0
220,Femelă,2.9,21.1,False,Alb,9,Scurtă,Foarte_bună,Aproape_corectă,False,Probleme_grave_de_sănătate,0
642,Mascul,1.8,22.9,False,Negru,15,Lungă,Foarte_bună,Corectă,False,Probleme_grave_de_sănătate,0
916,Mascul,3.0,18.8,False,Alb,9,Scurtă,Excelentă,Aproape_corectă,False,Probleme_grave_de_sănătate,0
753,Femelă,7.3,38.7,True,Alb,14,Lungă,Bună,Aproape_corectă,False,Ușoare_probleme_de_sănătate,83
807,Mascul,9.0,41.7,True,Agouti,7,Lungă,Foarte_bună,Corectă,False,Ușoare_probleme_de_sănătate,93
920,Mascul,1.8,23.0,False,Alb,12,Lungă,Excelentă,Aproape_corectă,True,Aspect_neîngrijit,0
625,Mascul,1.5,22.2,False,Agouti,11,Lungă,Excelentă,Incorectă,False,Probleme_grave_de_sănătate,0
875,Femelă,1.7,25.0,False,Alb,11,Lungă,Excelentă,Incorectă,True,Aspect_neîngrijit,72
761,Mascul,7.2,39.2,True,Alb,9,Lungă,Excelentă,Incorectă,False,Sănătos,90
387,Mascul,2.6,21.8,False,Negru,7,Lungă,Bună,Aproape_corectă,True,Sănătos,0
973,Femelă,4.6,42.2,True,Albastru,12,Lungă,Excelentă,Incorectă,False,Ușoare_probleme_de_sănătate,85
510,Mascul,2.5,20.2,False,Negru,12,Lungă,Excelentă,Incorectă,True,Sănătos,0
268,Mascul,2.2,24.1,False,Negru,17,Lungă,Bună,Incorectă,False,Probleme_grave_de_sănătate,0
820,Mascul,6.0,42.1,True,Negru,9,Lungă,Excelentă,Incorectă,False,Sănătos,90
442,Femelă,8.8,42.2,True,Negru,16,Lungă,Excelentă,Aproape_corectă,False,Sănătos,95
497,Femelă,8.6,42.1,True,Havana,13,Lungă,Excelentă,Incorectă,False,Aspect_neîngrijit,89
113,Femelă,3.3,23.4,False,Albastru,9,Lungă,Foarte_bună,Incorectă,True,Sănătos,68
692,Mascul,8.8,44.5,True,Alb,6,Lungă,Foarte_bună,Aproape_corectă,False,Sănătos,90
233,Femelă,2.7,18.3,False,Alb,9,Scurtă,Foarte_bună,Corectă,False,Ușoare_probleme_de_sănătate,78
870,Mascul,1.9,20.2,False,Negru,18,Lungă,Foarte_bună,Aproape_corectă,False,Ușoare_probleme_de_sănătate,73
608,Mascul,1.8,19.2,False,Agouti,7,Scurtă,Foarte_bună,Incorectă,False,Sănătos,70
672,Femelă,6.4,42.4,True,Albastru,14,Lungă,Bună,Incorectă,False,Aspect_neîngrijit,79
374,Mascul,2.1,19.4,False,Havana,12,Scurtă,Foarte_bună,Incorectă,False,Ușoare_probleme_de_sănătate,68
982,Femelă,2.3,23.5,False,Albastru,18,Lungă,Foarte_bună,Corectă,False,Probleme_grave_de_sănătate,0
843,Mascul,2.2,20.7,False,Albastru,8,Scurtă,Foarte_bună,Corectă,False,Ușoare_probleme_de_sănătate,78
234,Femelă,7.0,39.9,True,Havana,11,Lungă,Bună,Aproape_corectă,False,Ușoare_probleme_de_sănătate,83
786,Mascul,2.7,23.7,False,Agouti,13,Lungă,Excelentă,Aproape_corectă,False,Sănătos,80
677,Mascul,7.3,39.6,True,Alb,6,Lungă,Excelentă,Incorectă,False,Probleme_grave_de_sănătate,0
318,Femelă,5.4,40.8,True,Negru,15,Lungă,Foarte_bună,Corectă,False,Aspect_neîngrijit,93
649,Femelă,7.6,39.1,True,Albastru,12,Lungă,Foarte_bună,Aproape_corectă,False,Sănătos,90
411,Femelă,4.8,40.1,True,Albastru,9,Lungă,Excelentă,Incorectă,False,Ușoare_probleme_de_sănătate,85
899,Mascul,1.9,20.6,False,Alb,6,Scurtă,Bună,Corectă,True,Sănătos,0
710,Mascul,1.6,19.8,False,Alb,7,Scurtă,Bună,Aproape_corectă,False,Ușoare_probleme_de_sănătate,68
359,Femelă,2.7,22.3,False,Alb,8,Lungă,Foarte_bună,Aproape_corectă,True,Probleme_grave_de_sănătate,0
259,Mascul,8.1,43.0,True,Alb,13,Lungă,Foarte_bună,Corectă,False,Probleme_grave_de_sănătate,0
745,Mascul,1.6,20.0,False,Havana,10,Scurtă,Foarte_bună,Corectă,False,Sănătos,80
628,Mascul,2.8,23.5,False,Havana,11,Lungă,Foarte_bună,Aproape_corectă,True,Aspect_neîngrijit,0
633,Mascul,6.7,42.5,True,Alb,18,Lungă,Bună,Aproape_corectă,False,Ușoare_probleme_de_sănătate,83
283,Femelă,2.1,24.9,False,Agouti,12,Lungă,Foarte_bună,Incorectă,False,Ușoare_probleme_de_sănătate,68
377,Mascul,2.2,18.8,False,Albastru,7,Scurtă,Bună,Incorectă,True,Ușoare_probleme_de_sănătate,0
385,Mascul,1.7,23.5,False,Negru,15,Lungă,Foarte_bună,Incorectă,False,Probleme_grave_de_sănătate,0
225,Femelă,2.5,21.2,False,Havana,6,Scurtă,Bună,Incorectă,False,Ușoare_probleme_de_sănătate,63
954,Mascul,2.5,20.1,False,Negru,6,Scurtă,Foarte_bună,Aproape_corectă,False,Probleme_grave_de_sănătate,0
815,Femelă,2.0,24.1,False,Agouti,7,Lungă,Excelentă,Aproape_corectă,False,Sănătos,80
473,Mascul,2.8,23.1,False,Albastru,14,Lungă,Foarte_bună,Aproape_corectă,False,Probleme_grave_de_sănătate,0
348,Femelă,6.8,38.5,True,Albastru,9,Lungă,Foarte_bună,Corectă,True,Aspect_neîngrijit,92
506,Femelă,8.1,43.5,True,Agouti,6,Lungă,Excelentă,Incorectă,False,Ușoare_probleme_de_sănătate,88
640,Mascul,8.2,44.7,True,Agouti,9,Lungă,Foarte_bună,Corectă,False,Aspect_neîngrijit,94
988,Femelă,8.9,38.1,True,Alb,6,Lungă,Foarte_bună,Incorectă,True,Probleme_grave_de_sănătate,0
929,Femelă,2.6,18.7,False,Agouti,7,Scurtă,Foarte_bună,Aproape_corectă,False,Aspect_neîngrijit,74
906,Mascul,2.9,18.0,False,Albastru,6,Scurtă,Excelentă,Incorectă,False,Sănătos,75
620,Femelă,5.3,43.7,True,Agouti,10,Lungă,Excelentă,Incorectă,False,Aspect_neîngrijit,88
856,Mascul,5.5,41.5,True,Alb,14,Lungă,Bună,Corectă,False,Ușoare_probleme_de_sănătate,88
804,Femelă,8.6,40.7,True,Agouti,14,Lungă,Bună,Aproape_corectă,True,Ușoare_probleme_de_sănătate,81
646,Femelă,4.6,41.0,True,Havana,9,Lungă,Bună,Corectă,True,Sănătos,85
847,Femelă,2.4,20.0,False,Albastru,14,Lungă,Bună,Corectă,False,Probleme_grave_de_sănătate,0
557,Femelă,1.5,21.4,False,Agouti,10,Scurtă,Excelentă,Corectă,False,Probleme_grave_de_sănătate,0
958,Mascul,3.2,23.2,False,Havana,12,Lungă,Excelentă,Incorectă,False,Aspect_neîngrijit,74
578,Femelă,1.9,18.5,False,Havana,12,Scurtă,Foarte_bună,Aproape_corectă,False,Aspect_neîngrijit,74
796,Mascul,2.7,19.5,False,Albastru,12,Scurtă,Excelentă,Incorectă,False,Probleme_grave_de_sănătate,0
86,Femelă,2.6,22.2,False,Alb,17,Lungă,Excelentă,Corectă,True,Probleme_grave_de_sănătate,0
243,Mascul,2.1,20.3,False,Havana,6,Lungă,Excelentă,Corectă,False,Sănătos,85
699,Mascul,2.2,20.8,False,Albastru,12,Lungă,Bună,Incorectă,False,Probleme_grave_de_sănătate,0
160,Femelă,2.1,21.4,False,Agouti,6,Scurtă,Foarte_bună,Incorectă,False,Probleme_grave_de_sănătate,0
525,Femelă,6.2,43.8,True,Albastru,17,Lungă,Excelentă,Incorectă,False,Ușoare_probleme_de_sănătate,88
36,Femelă,2.3,22.0,False,Alb,17,Lungă,Excelentă,Corectă,False,Probleme_grave_de_sănătate,0
541,Mascul,4.8,44.0,True,Negru,14,Lungă,Foarte_bună,Corectă,False,Probleme_grave_de_sănătate,0
171,Mascul,8.8,39.0,True,Agouti,15,Lungă,Foarte_bună,Corectă,False,Sănătos,95
655,Mascul,2.7,24.4,False,Havana,16,Lungă,Excelentă,Corectă,False,Aspect_neîngrijit,84
891,Mascul,2.9,20.5,False,Albastru,17,Lungă,Foarte_bună,Incorectă,False,Probleme_grave_de_sănătate,0
858,Femelă,2.8,22.6,False,Albastru,7,Lungă,Bună,Aproape_corectă,False,Probleme_grave_de_sănătate,0
848,Mascul,2.4,23.0,False,Agouti,7,Lungă,Foarte_bună,Incorectă,False,Sănătos,70
945,Mascul,6.3,44.5,True,Negru,13,Lungă,Foarte_bună,Corectă,False,Aspect_neîngrijit,94
734,Femelă,5.7,42.6,True,Alb,16,Lungă,Excelentă,Aproape_corectă,False,Sănătos,95
96,Femelă,3.5,23.7,False,Havana,13,Lungă,Excelentă,Incorectă,False,Aspect_neîngrijit,74
564,Femelă,1.7,19.9,False,Albastru,12,Scurtă,Foarte_bună,Incorectă,False,Probleme_grave_de_sănătate,0
241,Mascul,2.0,20.9,False,Havana,6,Scurtă,Excelentă,Aproape_corectă,False,Sănătos,80
743,Mascul,6.2,38.1,True,Alb,13,Lungă,Foarte_bună,Incorectă,False,Sănătos,85
575,Mascul,2.5,20.9,False,Alb,15,Lungă,Foarte_bună,Corectă,True,Sănătos,0
691,Mascul,5.1,41.0,True,Albastru,17,Lungă,Bună,Corectă,False,Aspect_neîngrijit,88
461,Femelă,2.0,20.6,False,Negru,12,Scurtă,Foarte_bună,Corectă,False,Probleme_grave_de_sănătate,0
554,Femelă,2.7,20.6,False,Havana,12,Scurtă,Excelentă,Incorectă,False,Sănătos,75
889,Femelă,3.1,21.1,False,Havana,6,Lungă,Excelentă,Incorectă,False,Sănătos,75
207,Femelă,6.8,40.3,True,Negru,11,Lungă,Foarte_bună,Corectă,False,Probleme_grave_de_sănătate,0
393,Femelă,2.7,20.7,False,Havana,6,Scurtă,Excelentă,Incorectă,False,Probleme_grave_de_sănătate,0
795,Mascul,1.6,19.1,False,Albastru,9,Scurtă,Bună,Aproape_corectă,False,Ușoare_probleme_de_sănătate,68
398,Mascul,2.1,22.4,False,Agouti,10,Lungă,Bună,Corectă,False,Ușoare_probleme_de_sănătate,73
767,Femelă,2.9,21.6,False,Alb,12,Scurtă,Foarte_bună,Corectă,False,Ușoare_probleme_de_sănătate,78
849,Femelă,1.7,21.0,False,Agouti,7,Scurtă,Bună,Incorectă,False,Probleme_grave_de_sănătate,0
218,Mascul,8.8,40.5,True,Agouti,15,Lungă,Foarte_bună,Aproape_corectă,True,Ușoare_probleme_de_sănătate,0
5,Femelă,2.8,20.0,False,Albastru,9,Scurtă,Bună,Aproape_corectă,True,Probleme_grave_de_sănătate,0
769,Femelă,2.2,20.5,False,Albastru,12,Scurtă,Foarte_bună,Corectă,False,Probleme_grave_de_sănătate,0
643,Femelă,1.9,23.8,False,Negru,14,Lungă,Bună,Corectă,False,Ușoare_probleme_de_sănătate,73
930,Mascul,2.6,19.7,False,Havana,6,Scurtă,Foarte_bună,Corectă,False,Probleme_grave_de_sănătate,0
613,Femelă,2.4,21.9,False,Alb,10,Scurtă,Excelentă,Corectă,False,Aspect_neîngrijit,84
739,Femelă,2.6,19.2,False,Albastru,8,Scurtă,Excelentă,Incorectă,False,Aspect_neîngrijit,74
547,Femelă,7.4,44.9,True,Agouti,13,Lungă,Excelentă,Corectă,False,Sănătos,100
726,Mascul,3.4,21.8,False,Negru,6,Lungă,Bună,Corectă,False,Ușoare_probleme_de_sănătate,73
684,Femelă,7.4,39.7,True,Negru,6,Lungă,Bună,Aproape_corectă,False,Sănătos,85
99,Mascul,2.6,21.0,False,Agouti,12,Scurtă,Foarte_bună,Corectă,False,Sănătos,80
805,Mascul,2.3,19.2,False,Alb,10,Scurtă,Foarte_bună,Incorectă,False,Aspect_neîngrijit,69
728,Mascul,1.5,20.4,False,Alb,11,Scurtă,Excelentă,Corectă,False,Sănătos,85
574,Mascul,2.9,19.2,False,Negru,8,Scurtă,Bună,Incorectă,False,Probleme_grave_de_sănătate,0
407,Femelă,2.5,21.1,False,Agouti,14,Lungă,Bună,Incorectă,False,Probleme_grave_de_sănătate,0
503,Mascul,3.0,18.5,False,Negru,11,Scurtă,Excelentă,Corectă,False,Ușoare_probleme_de_sănătate,83
48,Mascul,3.3,22.2,False,Albastru,16,Lungă,Excelentă,Incorectă,False,Probleme_grave_de_sănătate,0
33,Femelă,2.0,18.6,False,Alb,11,Scurtă,Excelentă,Aproape_corectă,True,Probleme_grave_de_sănătate,0
780,Mascul,6.8,43.0,True,Havana,13,Lungă,Foarte_bună,Corectă,False,Ușoare_probleme_de_sănătate,93
840,Mascul,2.4,19.4,False,Agouti,7,Scurtă,Foarte_bună,Incorectă,False,Ușoare_probleme_de_sănătate,68
201,Mascul,5.2,40.4,True,Havana,13,Lungă,Bună,Corectă,False,Probleme_grave_de_sănătate,0
135,Femelă,2.9,20.3,False,Agouti,11,Scurtă,Excelentă,Aproape_corectă,False,Aspect_neîngrijit,79
28,Mascul,3.0,21.3,False,Agouti,12,Lungă,Excelentă,Corectă,False,Ușoare_probleme_de_sănătate,83
881,Mascul,2.0,21.8,False,Alb,16,Lungă,Bună,Corectă,False,Aspect_neîngrijit,74
231,Mascul,2.5,20.5,False,Negru,6,Scurtă,Bună,Corectă,True,Ușoare_probleme_de_sănătate,0
490,Mascul,1.8,19.0,False,Negru,11,Scurtă,Excelentă,Incorectă,False,Aspect_neîngrijit,74
773,Mascul,2.4,24.0,False,Alb,17,Lungă,Bună,Corectă,False,Aspect_neîngrijit,74
379,Femelă,1.5,21.4,False,Agouti,6,Scurtă,Foarte_bună,Corectă,False,Probleme_grave_de_sănătate,0
289,Mascul,7.7,40.2,True,Alb,17,Lungă,Bună,Incorectă,False,Ușoare_probleme_de_sănătate,78
419,Femelă,2.8,21.3,False,Agouti,12,Lungă,Foarte_bună,Incorectă,False,Aspect_neîngrijit,69
675,Femelă,2.0,24.0,False,Agouti,16,Lungă,Foarte_bună,Incorectă,False,Ușoare_probleme_de_sănătate,68
392,Femelă,7.0,44.6,True,Alb,18,Lungă,Excelentă,Incorectă,True,Probleme_grave_de_sănătate,0
593,Mascul,2.6,23.3,False,Albastru,6,Lungă,Excelentă,Incorectă,False,Probleme_grave_de_sănătate,0
499,Femelă,6.6,42.4,True,Negru,13,Lungă,Bună,Aproape_corectă,False,Aspect_neîngrijit,84
139,Mascul,1.6,22.0,False,Negru,17,Lungă,Foarte_bună,Aproape_corectă,False,Sănătos,75
63,Mascul,2.4,21.1,False,Albastru,17,Lungă,Bună,Corectă,True,Sănătos,0
472,Femelă,3.4,23.0,False,Alb,11,Lungă,Foarte_bună,Incorectă,False,Aspect_neîngrijit,69
648,Mascul,3.0,20.2,False,Havana,16,Lungă,Foarte_bună,Corectă,False,Ușoare_probleme_de_sănătate,78
129,Mascul,1.6,21.3,False,Agouti,11,Lungă,Excelentă,Incorectă,False,Aspect_neîngrijit,74
977,Femelă,1.6,22.8,False,Negru,10,Lungă,Excelentă,Incorectă,False,Probleme_grave_de_sănătate,0
521,Mascul,2.4,21.7,False,Alb,12,Lungă,Bună,Aproape_corectă,False,Probleme_grave_de_sănătate,0
839,Mascul,5.0,38.7,True,Albastru,14,Lungă,Foarte_bună,Incorectă,False,Aspect_neîngrijit,83
963,Femelă,8.5,38.6,True,Havana,12,Lungă,Bună,Corectă,True,Sănătos,88
65,Femelă,8.6,41.6,True,Albastru,12,Lungă,Excelentă,Corectă,True,Aspect_neîngrijit,97
813,Mascul,2.0,21.0,False,Albastru,16,Lungă,Foarte_bună,Incorectă,False,Ușoare_probleme_de_sănătate,68
15,Femelă,2.7,20.3,False,Alb,12,Scurtă,Foarte_bună,Incorectă,False,Aspect_neîngrijit,69
157,Mascul,3.1,22.4,False,Negru,16,Lungă,Excelentă,Incorectă,False,Sănătos,75
41,Mascul,2.0,20.4,False,Agouti,7,Scurtă,Bună,Incorectă,False,Sănătos,65
493,Femelă,5.8,40.1,True,Negru,12,Lungă,Excelentă,Corectă,False,Ușoare_probleme_de_sănătate,98
380,Mascul,2.1,20.3,False,Alb,6,Scurtă,Bună,Corectă,True,Ușoare_probleme_de_sănătate,0
188,Femelă,2.7,19.3,False,Negru,8,Scurtă,Excelentă,Corectă,True,Probleme_grave_de_sănătate,0
764,Mascul,2.0,22.0,False,Negru,10,Lungă,Foarte_bună,Corectă,False,Sănătos,80
217,Mascul,2.9,19.6,False,Agouti,12,Scurtă,Bună,Corectă,True,Sănătos,0
792,Femelă,2.9,24.5,False,Agouti,6,Lungă,Foarte_bună,Aproape_corectă,True,Aspect_neîngrijit,72
53,Femelă,3.4,22.1,False,Negru,18,Lungă,Foarte_bună,Aproape_corectă,False,Probleme_grave_de_sănătate,0
879,Femelă,2.6,21.9,False,Alb,11,Scurtă,Bună,Incorectă,True,Ușoare_probleme_de_sănătate,61
338,Mascul,8.6,41.1,True,Negru,10,Lungă,Excelentă,Incorectă,True,Ușoare_probleme_de_sănătate,0
749,Femelă,2.1,20.5,False,Negru,7,Lungă,Bună,Incorectă,False,Ușoare_probleme_de_sănătate,63
720,Femelă,8.8,41.9,True,Havana,7,Lungă,Excelentă,Corectă,False,Ușoare_probleme_de_sănătate,98
725,Femelă,1.7,23.7,False,Agouti,9,Lungă,Foarte_bună,Incorectă,False,Ușoare_probleme_de_sănătate,68
296,Femelă,2.1,21.2,False,Agouti,18,Lungă,Foarte_bună,Aproape_corectă,True,Sănătos,73
702,Femelă,2.5,23.0,False,Negru,6,Lungă,Foarte_bună,Incorectă,False,Probleme_grave_de_sănătate,0
252,Mascul,3.0,22.2,False,Havana,10,Lungă,Bună,Corectă,False,Sănătos,75
727,Mascul,7.9,38.5,True,Negru,9,Lungă,Excelentă,Incorectă,False,Aspect_neîngrijit,89
462,Femelă,6.9,40.6,True,Alb,13,Lungă,Bună,Corectă,True,Probleme_grave_de_sănătate,0
456,Femelă,2.9,18.8,False,Negru,8,Scurtă,Bună,Corectă,False,Ușoare_probleme_de_sănătate,73
997,Femelă,1.9,20.3,False,Havana,7,Scurtă,Foarte_bună,Incorectă,True,Aspect_neîngrijit,67
816,Femelă,5.7,38.6,True,Albastru,13,Lungă,Excelentă,Incorectă,False,Aspect_neîngrijit,89
863,Mascul,2.3,21.0,False,Agouti,12,Lungă,Excelentă,Incorectă,False,Sănătos,75
270,Mascul,4.7,39.5,True,Agouti,10,Lungă,Bună,Incorectă,True,Aspect_neîngrijit,0
202,Femelă,2.9,18.7,False,Agouti,9,Scurtă,Foarte_bună,Incorectă,False,Aspect_neîngrijit,69
162,Mascul,1.5,20.5,False,Alb,10,Lungă,Foarte_bună,Corectă,False,Aspect_neîngrijit,79
556,Femelă,2.3,18.6,False,Alb,10,Scurtă,Foarte_bună,Incorectă,True,Probleme_grave_de_sănătate,0
730,Femelă,2.2,21.3,False,Agouti,8,Scurtă,Excelentă,Incorectă,False,Probleme_grave_de_sănătate,0
402,Femelă,2.3,20.4,False,Albastru,14,Lungă,Bună,Aproape_corectă,False,Ușoare_probleme_de_sănătate,68
703,Mascul,1.9,21.8,False,Albastru,12,Scurtă,Bună,Aproape_corectă,False,Sănătos,70
477,Mascul,6.5,43.3,True,Alb,13,Lungă,Foarte_bună,Corectă,True,Aspect_neîngrijit,0
822,Mascul,1.9,23.1,False,Agouti,15,Lungă,Bună,Corectă,False,Ușoare_probleme_de_sănătate,73
772,Mascul,5.0,44.7,True,Agouti,7,Lungă,Bună,Incorectă,True,Ușoare_probleme_de_sănătate,0
106,Femelă,2.8,21.5,False,Albastru,10,Scurtă,Foarte_bună,Aproape_corectă,True,Aspect_neîngrijit,72
566,Mascul,5.8,44.0,True,Agouti,9,Lungă,Excelentă,Aproape_corectă,False,Probleme_grave_de_sănătate,0
390,Femelă,2.8,21.5,False,Agouti,11,Scurtă,Bună,Incorectă,False,Ușoare_probleme_de_sănătate,63
2,Mascul,2.1,24.0,False,Negru,17,Lungă,Excelentă,Aproape_corectă,True,Ușoare_probleme_de_sănătate,0
938,Femelă,1.6,22.0,False,Albastru,10,Lungă,Bună,Corectă,True,Aspect_neîngrijit,72
983,Femelă,7.7,38.8,True,Negru,9,Lungă,Foarte_bună,Aproape_corectă,False,Probleme_grave_de_sănătate,0
562,Mascul,1.5,20.3,False,Negru,18,Lungă,Excelentă,Aproape_corectă,False,Probleme_grave_de_sănătate,0
81,Mascul,1.7,20.0,False,Agouti,10,Scurtă,Bună,Aproape_corectă,False,Sănătos,70
206,Femelă,8.0,39.4,True,Albastru,17,Lungă,Foarte_bună,Corectă,False,Aspect_neîngrijit,94
35,Mascul,1.6,23.0,False,Albastru,10,Lungă,Foarte_bună,Aproape_corectă,False,Sănătos,75
776,Femelă,8.5,44.4,True,Negru,9,Lungă,Excelentă,Incorectă,False,Aspect_neîngrijit,89
509,Femelă,3.0,18.5,False,Havana,9,Scurtă,Bună,Corectă,False,Ușoare_probleme_de_sănătate,73
428,Femelă,2.3,20.0,False,Alb,6,Scurtă,Excelentă,Aproape_corectă,False,Probleme_grave_de_sănătate,0
455,Mascul,1.5,23.4,False,Negru,16,Lungă,Bună,Corectă,False,Aspect_neîngrijit,74
367,Femelă,1.9,18.7,False,Agouti,12,Scurtă,Foarte_bună,Aproape_corectă,True,Aspect_neîngrijit,72
92,Femelă,2.4,23.4,False,Albastru,6,Lungă,Foarte_bună,Aproape_corectă,False,Ușoare_probleme_de_sănătate,73
340,Mascul,3.1,22.9,False,Agouti,6,Lungă,Excelentă,Corectă,False,Sănătos,85
898,Mascul,5.1,41.1,True,Alb,10,Lungă,Foarte_bună,Incorectă,False,Ușoare_probleme_de_sănătate,82
565,Femelă,4.6,40.8,True,Albastru,18,Lungă,Foarte_bună,Incorectă,False,Probleme_grave_de_sănătate,0
346,Mascul,1.7,23.4,False,Albastru,16,Lungă,Bună,Incorectă,False,Probleme_grave_de_sănătate,0
777,Mascul,8.9,38.5,True,Negru,15,Lungă,Bună,Aproape_corectă,False,Ușoare_probleme_de_sănătate,83
242,Femelă,1.7,21.1,False,Alb,10,Scurtă,Foarte_bună,Corectă,True,Sănătos,78
14,Mascul,2.9,20.1,False,Albastru,8,Scurtă,Foarte_bună,Incorectă,True,Ușoare_probleme_de_sănătate,0
316,Mascul,2.1,21.9,False,Alb,12,Scurtă,Excelentă,Corectă,False,Ușoare_probleme_de_sănătate,83
601,Femelă,1.7,19.7,False,Havana,6,Scurtă,Foarte_bună,Incorectă,False,Ușoare_probleme_de_sănătate,68
388,Mascul,1.8,22.9,False,Negru,16,Lungă,Excelentă,Corectă,True,Aspect_neîngrijit,0
274,Femelă,1.7,18.9,False,Negru,12,Scurtă,Foarte_bună,Corectă,False,Sănătos,80
167,Mascul,2.0,21.8,False,Albastru,17,Lungă,Bună,Corectă,False,Ușoare_probleme_de_sănătate,73
841,Femelă,2.6,19.0,False,Havana,9,Scurtă,Bună,Aproape_corectă,False,Sănătos,70
993,Mascul,2.9,21.3,False,Agouti,10,Scurtă,Excelentă,Aproape_corectă,False,Probleme_grave_de_sănătate,0
647,Mascul,2.8,24.5,False,Albastru,11,Lungă,Foarte_bună,Incorectă,False,Aspect_neîngrijit,69
819,Femelă,2.5,23.0,False,Alb,15,Lungă,Excelentă,Aproape_corectă,False,Sănătos,80
485,Mascul,7.1,43.9,True,Havana,7,Lungă,Bună,Incorectă,True,Probleme_grave_de_sănătate,0
981,Femelă,4.6,38.0,True,Agouti,10,Lungă,Excelentă,Incorectă,False,Ușoare_probleme_de_sănătate,85
505,Femelă,6.7,42.8,True,Havana,17,Lungă,Excelentă,Incorectă,False,Probleme_grave_de_sănătate,0
832,Mascul,2.0,24.3,False,Negru,8,Lungă,Foarte_bună,Aproape_corectă,True,Sănătos,0
244,Mascul,1.8,21.9,False,Alb,8,Scurtă,Bună,Corectă,False,Ușoare_probleme_de_sănătate,73
567,Femelă,3.1,24.3,False,Albastru,13,Lungă,Bună,Aproape_corectă,False,Ușoare_probleme_de_sănătate,68
876,Femelă,2.8,21.9,False,Albastru,8,Scurtă,Excelentă,Incorectă,False,Probleme_grave_de_sănătate,0
563,Mascul,4.6,39.2,True,Alb,15,Lungă,Excelentă,Corectă,False,Ușoare_probleme_de_sănătate,95
687,Femelă,8.0,42.3,True,Negru,11,Lungă,Bună,Aproape_corectă,False,Sănătos,85
190,Mascul,3.0,23.9,False,Agouti,17,Lungă,Foarte_bună,Aproape_corectă,True,Sănătos,0
783,Mascul,9.0,43.4,True,Havana,16,Lungă,Bună,Aproape_corectă,True,Probleme_grave_de_sănătate,0
700,Femelă,5.2,41.0,True,Agouti,18,Lungă,Foarte_bună,Incorectă,False,Ușoare_probleme_de_sănătate,82
476,Mascul,2.6,22.1,False,Albastru,8,Lungă,Bună,Incorectă,False,Sănătos,65
682,Mascul,8.1,41.5,True,Albastru,11,Lungă,Foarte_bună,Aproape_corectă,False,Aspect_neîngrijit,89
511,Femelă,2.6,20.1,False,Alb,8,Scurtă,Foarte_bună,Incorectă,True,Ușoare_probleme_de_sănătate,66
59,Mascul,6.1,40.4,True,Alb,18,Lungă,Bună,Corectă,False,Probleme_grave_de_sănătate,0
475,Mascul,1.8,20.5,False,Albastru,7,Scurtă,Foarte_bună,Incorectă,True,Probleme_grave_de_sănătate,0
561,Femelă,5.9,39.4,True,Albastru,9,Lungă,Foarte_bună,Incorectă,False,Aspect_neîngrijit,84
857,Mascul,1.7,22.8,False,Alb,9,Lungă,Bună,Corectă,True,Probleme_grave_de_sănătate,0
748,Mascul,2.0,20.9,False,Agouti,10,Scurtă,Bună,Corectă,False,Probleme_grave_de_sănătate,0
253,Mascul,3.2,23.0,False,Agouti,15,Lungă,Excelentă,Corectă,False,Ușoare_probleme_de_sănătate,83
22,Femelă,8.7,43.0,True,Agouti,18,Lungă,Foarte_bună,Corectă,False,Probleme_grave_de_sănătate,0
314,Femelă,6.8,41.6,True,Negru,12,Lungă,Bună,Incorectă,False,Sănătos,80
460,Femelă,6.9,39.0,True,Alb,7,Lungă,Excelentă,Incorectă,True,Aspect_neîngrijit,87
161,Mascul,3.3,20.8,False,Albastru,12,Lungă,Excelentă,Corectă,False,Ușoare_probleme_de_sănătate,83
277,Mascul,5.7,41.3,True,Havana,12,Lungă,Bună,Incorectă,True,Ușoare_probleme_de_sănătate,0
956,Mascul,5.7,41.8,True,Havana,10,Lungă,Foarte_bună,Incorectă,False,Probleme_grave_de_sănătate,0
192,Mascul,5.3,39.9,True,Havana,11,Lungă,Excelentă,Incorectă,False,Probleme_grave_de_sănătate,0
386,Mascul,7.3,40.8,True,Albastru,10,Lungă,Bună,Corectă,False,Ușoare_probleme_de_sănătate,88
806,Mascul,2.4,23.7,False,Agouti,14,Lungă,Bună,Incorectă,False,Aspect_neîngrijit,64
414,Mascul,4.7,43.1,True,Agouti,13,Lungă,Excelentă,Corectă,True,Sănătos,0
492,Femelă,8.1,39.2,True,Albastru,8,Lungă,Foarte_bună,Incorectă,False,Probleme_grave_de_sănătate,0
344,Femelă,5.4,41.3,True,Agouti,8,Lungă,Foarte_bună,Corectă,True,Ușoare_probleme_de_sănătate,90
770,Mascul,8.1,44.9,True,Agouti,7,Lungă,Bună,Incorectă,True,Probleme_grave_de_sănătate,0
309,Femelă,2.2,21.2,False,Agouti,14,Lungă,Excelentă,Incorectă,False,Sănătos,75
662,Femelă,2.6,18.2,False,Negru,12,Scurtă,Foarte_bună,Corectă,False,Ușoare_probleme_de_sănătate,78
131,Femelă,2.6,22.0,False,Alb,7,Lungă,Bună,Corectă,False,Aspect_neîngrijit,74
664,Femelă,2.2,20.1,False,Agouti,10,Scurtă,Excelentă,Incorectă,False,Probleme_grave_de_sănătate,0
872,Femelă,2.8,20.7,False,Alb,12,Lungă,Bună,Corectă,False,Probleme_grave_de_sănătate,0
100,Mascul,8.4,41.1,True,Alb,13,Lungă,Foarte_bună,Corectă,False,Sănătos,95
373,Mascul,4.8,42.8,True,Albastru,9,Lungă,Foarte_bună,Incorectă,True,Probleme_grave_de_sănătate,0
88,Femelă,1.7,23.1,False,Alb,11,Lungă,Foarte_bună,Corectă,True,Aspect_neîngrijit,77
459,Mascul,2.3,20.1,False,Albastru,15,Lungă,Bună,Corectă,True,Sănătos,0
331,Femelă,6.7,44.6,True,Havana,8,Lungă,Bună,Incorectă,True,Probleme_grave_de_sănătate,0
215,Mascul,4.7,41.3,True,Havana,17,Lungă,Excelentă,Aproape_corectă,False,Aspect_neîngrijit,91
467,Femelă,2.2,21.1,False,Havana,10,Scurtă,Excelentă,Incorectă,False,Sănătos,75
122,Mascul,2.6,21.3,False,Negru,7,Scurtă,Bună,Corectă,False,Aspect_neîngrijit,74
615,Mascul,2.2,20.2,False,Negru,8,Lungă,Excelentă,Aproape_corectă,False,Sănătos,80
21,Femelă,2.4,20.5,False,Havana,7,Scurtă,Foarte_bună,Aproape_corectă,False,Aspect_neîngrijit,74
701,Mascul,5.8,39.8,True,Agouti,11,Lungă,Foarte_bună,Aproape_corectă,True,Ușoare_probleme_de_sănătate,0
72,Femelă,1.7,18.6,False,Albastru,8,Scurtă,Excelentă,Corectă,False,Ușoare_probleme_de_sănătate,83
107,Femelă,2.3,21.0,False,Albastru,9,Lungă,Bună,Incorectă,False,Probleme_grave_de_sănătate,0
271,Mascul,7.0,42.3,True,Negru,6,Lungă,Bună,Incorectă,False,Ușoare_probleme_de_sănătate,78
861,Mascul,2.8,18.0,False,Negru,12,Scurtă,Excelentă,Aproape_corectă,False,Sănătos,80
436,Mascul,2.1,24.3,False,Agouti,17,Lungă,Bună,Incorectă,False,Aspect_neîngrijit,64
103,Femelă,5.2,40.1,True,Agouti,18,Lungă,Foarte_bună,Incorectă,False,Aspect_neîngrijit,83
